{"loss": [1.3831990957260132, 0.452260822057724, 0.2692965865135193, 0.18168841302394867, 0.13840526342391968, 0.10494288802146912, 0.08851456642150879, 0.07360918074846268, 0.06328800320625305, 0.05591055750846863], "accuracy": [0.594935417175293, 0.8573392033576965, 0.9134816527366638, 0.9397778511047363, 0.9539637565612793, 0.965071976184845, 0.9709696769714355, 0.976294755935669, 0.9794153571128845, 0.982306957244873], "val_loss": [0.5236533284187317, 0.24644924700260162, 0.22395625710487366, 0.17652267217636108, 0.16014541685581207, 0.12905541062355042, 0.1228293627500534, 0.16855254769325256, 0.17921271920204163, 0.17022660374641418], "val_accuracy": [0.8349547982215881, 0.9218267202377319, 0.9269772171974182, 0.9426576495170593, 0.9496967196464539, 0.9594254493713379, 0.9625729918479919, 0.9520430564880371, 0.9499256014823914, 0.9497539401054382]}